{"cameraMode":{"drawMode":0,"name":"Shaded","section":"Shading Mode"},"sceneLighting":true,"audioPlay":false,"sceneViewState":{"showFog":true,"showMaterialUpdate":false,"showSkybox":true,"showFlares":true,"showImageEffects":true,"showParticleSystems":true,"showVisualEffectGraphs":true,"m_FxEnabled":true},"in2DMode":false,"pivot":{"x":-15.911758422851563,"y":10.122678756713868,"z":-13.147899627685547},"rotation":{"x":0.04033871367573738,"y":0.8577281832695007,"z":-0.06704829633235932,"w":0.5085458755493164},"size":7.7304887771606449,"orthographic":false}